BLR,large_airport,Duplicate - Kempegowda International Airport Bengaluru,,AS,IN,IN-KA,Bengaluru,VOBL,BLR,,"0.1, 0.1"
IN-0001,heliport,Siachen Glacier AFS Airport,22000,AS,IN,IN-JK,,,,,"77, 35.5"
IN-0002,heliport,Tawang Air Force Station,8756,AS,IN,IN-AR,,,,,"91.87769317626953, 27.58846092224121"
IN-0003,small_airport,Daulat Beg Oldi Advanced Landing Ground,16200,AS,IN,IN-JK,,,,,"77.9289650917, 35.3964667088"
IN-0004,heliport,Leh Helipad,10682,AS,IN,IN-JK,,,,,"77.53653717041016, 34.12866973876953"
IN-0005,closed,Kayathar Airstrip,,AS,IN,IN-TN,,,,,"77.82062530517578, 8.971388816833496"
IN-0006,closed,Chettinad Airstrip,,AS,IN,IN-TN,,,,,"78.79376983642578, 10.164996147155762"
IN-0007,heliport,Minicoy Helipad,,AS,IN,IN-LD,Minicoy Island,,,,"73.02230072021484, 8.273630142211914"
IN-0008,heliport,Kavaratti Helipad,,AS,IN,IN-LD,,,,,"72.61604309082031, 10.541667938232422"
IN-0009,heliport,Gangtok Helipad,,AS,IN,IN-SK,,,,,"88.61410522460938, 27.355697631835938"
IN-0010,small_airport,Walong Advanced Landing Ground,,AS,IN,IN-AR,,,,,"97.019660949707, 28.12967300415"
IN-0011,medium_airport,Jakkur Aerodrome,3013,AS,IN,IN-KA,Bengaluru,VOJK,,,"77.597645, 13.07674"
IN-0012,small_airport,Pakyong Airport (Under Construction),4590,AS,IN,IN-SK,,,,,"88.587196, 27.2313"
IN-0013,small_airport,Nadirgul Airport,1811,AS,IN,IN-TG,,,,,"78.5604858398, 17.3060665131"
IN-0014,closed,Koirengei Airstrip,,AS,IN,IN-MN,,,,,"93.9256820678711, 24.872459411621094"
IN-0015,small_airport,Baljek Airport,,AS,IN,IN-ML,,,,,"90.34503936767578, 25.661487579345703"
IN-0016,closed,Ledo Airfield,,AS,IN,IN-AS,,,,,"95.737222, 27.3025"
IN-0017,closed,Dudhkundi Airfield,,AS,IN,IN-WB,,,,,"87.10741996770001, 22.3245915688"
IN-0018,closed,Piardoba Airfield,,AS,IN,IN-WB,,,,,"87.2995948792, 22.9895085468"
IN-0019,closed,Dinjan Airfield,,AS,IN,IN-AS,,,,,"95.269447, 27.538017"
IN-0020,closed,Ulundurpet Airstrip,,AS,IN,IN-TN,,,,,"79.3213748932, 11.6885487471"
IN-0021,heliport,Shikra Naval Helibase,,AS,IN,IN-MM,Mumbai,,,,"72.8292113543, 18.913345681200003"
IN-0022,heliport,Kunjali Helipad,,AS,IN,IN-MM,Mimbai,,,,"72.8084939718, 18.895273369"
IN-0023,small_airport,Amreli Airstrip,,AS,IN,IN-GJ,Amreli,,,,"71.22333526610001, 21.6198508623"
IN-0024,small_airport,Baramati Airport,1978,AS,IN,IN-MM,Pune,,,BMT,"74.590833, 18.226944"
IN-0025,small_airport,Faizabad Airport,350,AS,IN,IN-UP,Faizabad,,,,"82.1543651, 26.7511282"
IN-0026,small_airport,Korba Airport,1200,AS,IN,IN-CT,Rumgara,,,,"82.7194444444, 22.414166666699998"
IN-0027,heliport,Thuampui Helipad,3214,AS,IN,IN-MZ,,,,,"92.73673333330001, 23.745866666699996"
IN-0028,heliport,Pukpui Helipad,,AS,IN,IN-MZ,,,,,"92.76885, 22.942266666699997"
IN-0029,heliport,Lunglei Helipad,,AS,IN,IN-MZ,,,,,"92.7633, 22.8683833333"
IN-0030,heliport,Serchhip Helipad,,AS,IN,IN-MZ,Serchhip,,,,"92.85606666670002, 23.32875"
IN-0031,heliport,Vairengte Helipad,,AS,IN,IN-MZ,,,,,"92.7539333333, 24.478916666699998"
IN-0032,heliport,Saiha Helipad,,AS,IN,IN-MZ,Saiha,,,,"92.98695, 22.4885833333"
IN-0033,small_airport,Aamby Valley Airport,2262,AS,IN,IN-MM,Aamby Valley City,,,,"73.37758333330001, 18.609616666699996"
IN-0034,small_airport,Vijay Nagar Airport,,AS,IN,IN-MM,Vijay Nagar,,,,"73.84056666670001, 19.8841"
IN-0035,heliport,Sevoke Road Indian Army Heliport,472,AS,IN,IN-WB,Salugara,,,,"88.4523166667, 26.7744"
IN-0036,heliport,Pelling Helipad,,AS,IN,IN-SK,Pelling City,,,,"88.23085, 27.3005"
IN-0037,heliport,Namchi Helipad,,AS,IN,IN-SK,Nayabazar,,,,"88.32206666670001, 27.1567333333"
IN-0038,heliport,Upper Tadong Indian Army Helipad,,AS,IN,IN-SK,Upper Tadong,,,,"88.59965, 27.306716666699998"
IN-0039,heliport,Lebong Helipad,,AS,IN,IN-WB,Lebong,,,,"88.2777333333, 27.0590833333"
IN-0040,heliport,Pedong Helipad,,AS,IN,IN-SK,Pedong,,,,"88.61065, 27.1559333333"
IN-0041,heliport,HQ Eastern Air Command Helipad,,AS,IN,IN-ML,Myliem,,,,"91.82655, 25.538183333299997"
IN-0042,heliport,Shillong Indian Army Helipad,,AS,IN,IN-ML,Shillong,,,,"91.8817166667, 25.54425"
IN-0043,heliport,STC BSF Indian Army Helipad,,AS,IN,IN-MN,Gangpimual,,,,"93.67546666670002, 24.3267"
IN-0044,heliport,PAP Complex Heliport,766,AS,IN,IN-PB,Jalandhar,,,,"75.6072, 31.2920833333"
IN-0045,heliport,Catholic Medical Centre Helipad,,AS,IN,IN-MN,Kangla,,,,"93.94275, 24.8062"
IN-0046,heliport,Butcher Island Helipad,,AS,IN,IN-MM,Mumbai,,,,"72.9030833333, 18.9623"
IN-0047,heliport,Mahalaxmi Race Course Helipad,,AS,IN,IN-MM,Mumbai,,,,"72.8215666667, 18.9820333333"
IN-0048,heliport,Raj Bhavan Helipad,,AS,IN,IN-MM,Mumbai,,,,"72.7940166667, 18.94265"
IN-0049,heliport,Kohima Helipad,,AS,IN,IN-NL,Kohima,,,,"94.1139333333, 25.663066666699997"
IN-0050,heliport,Phalodi Airfield,,AS,IN,IN-RJ,Phalodi,,,,"72.389, 27.1128333333"
IN-0051,heliport,"Aviation Research Centre, RAW Headquarter Helipad",,AS,IN,IN-UP,Chakrata,,,,"77.8615, 30.70645"
IN-0052,heliport,Mathura Heliport,,AS,IN,IN-UP,Mathura,,,,"77.68241666670001, 27.464233333299997"
IN-0053,small_airport,Shibpur Airstrip,,AS,IN,IN-AN,Madhupur,,,,"93.0497306585, 13.236316301099999"
IN-0054,closed,Charra Airfield,,AS,IN,IN-WB,Purulia,,,,"86.43673896790001, 23.3657772896"
IN-0055,closed,Kanchrapara Airfield,,AS,IN,IN-WB,Kanchrapara,,,,"88.4599292278, 22.922932987499998"
IN-0056,closed,Kalyan airstrip,,AS,IN,IN-MM,Kalyan,,,,"73.1391835213, 19.1792197299"
IN-0057,closed,Rasgovindpur Airstrip,,AS,IN,IN-OR,Rasgovindpur,,,,"87.0469093323, 21.8050895155"
IN-0058,closed,Dhubulia Airstrip,,AS,IN,IN-WB,Dhubulia,,,,"88.4540176392, 23.4929846863"
IN-0059,closed,Digri Airstrip,,AS,IN,IN-WB,Digri,,,,"87.36225128170001, 22.7854403333"
IN-0060,small_airport,Khargon Govt. Airstrip,,AS,IN,IN-MP,,,,,"75.55443763730001, 21.810030194599996"
IN-0061,small_airport,Khandwa Airport,,AS,IN,IN-MP,Khandwa,,,,"76.3369560242, 21.857117459599998"
IN-0062,small_airport,Shirpur Airport,,AS,IN,IN-MM,Shirpur,,,,"74.9567341805, 21.3239987933"
IN-0063,closed,Cholavaram Airstrip,,AS,IN,IN-TN,,,,,"80.15234470370001, 13.2102419263"
IN-0064,small_airport,Umaria Air Field,1510,AS,IN,IN-MP,Umaria,,,,"80.80821990970001, 23.5325139099"
IN-0065,small_airport,Amravati (Belora) Airstrip,1125,AS,IN,IN-MM,Amravati,,,,"77.71790742870002, 20.813348511599997"
IN-0066,small_airport,Madhubani Airport,,AS,IN,IN-BR,,,,,"86.06, 26.329166666699997"
IN-0067,small_airport,Madhubani Airport,,AS,IN,IN-BR,,,,,"86.06, 26.329166666699997"
IN-0068,closed,kanha,,AS,IN,IN-MP,,,,,"80.5955314636, 22.092638604100003"
IN-0069,small_airport,Sultanpur,,AS,IN,IN-UP,,,,,"82.0425, 26.2475"
IN-0070,small_airport,Vijayanagar Aerodrome (JSW),1670,AS,IN,IN-KA,,VOJV,VDY,,"76.6349472222, 15.1749666667"
IN-0071,small_airport,Baldota Koppal Aerodrome,,AS,IN,IN-KA,,,,,"76.22005277779999, 15.360094444400001"
IN-0072,small_airport,Raigarh Airport (JSPL),,AS,IN,IN-CT,,,,,"83.3502138889, 21.9352805556"
IN-0073,small_airport,Angul Airport (JSPL),,AS,IN,IN-OR,,,,,"85.03258333330001, 20.91195"
IN-0074,small_airport,Barbil Aerodrome (JSPL),,AS,IN,IN-OR,,,,,"85.3741944444, 22.0486138889"
IN-0075,heliport,Itanagar (Naharlagun),,AS,IN,IN-AR,,,,,"93.6961055556, 27.111675"
IN-0076,heliport,Itanagar (Naharlagun),466,AS,IN,IN-AR,,,,,"93.6961055556, 27.111675"
IN-0077,closed,Bhagalpur Airport,,AS,IN,IN-BR,Bhagalpur,,,,"87.009779, 25.249359"
IN-0078,closed,Bishnupur Airfield,,AS,IN,IN-WB,,,,,"87.35486984250001, 23.0339266917"
IN-0079,closed,Guskhara Airfield,,AS,IN,IN-WB,,,,,"87.794167, 23.471667"
IN-0080,closed,Pandaveswar Airfield,,AS,IN,IN-WB,,,,,"87.348690033, 23.641300520900003"
IN-0081,heliport,Annandale Helipad,6120,AS,IN,IN-HP,,,,,"77.1569444444, 31.111388888900002"
IN-0082,heliport,Ajog Helipad,7460,AS,IN,IN-HP,,,,,"76.458, 32.9219444444"
IN-0083,heliport,Bilaspur Helipad,1685,AS,IN,IN-HP,Bilaspur,,,,"76.75675, 31.345138888900003"
IN-0084,closed,Salwas,,AS,IN,IN-RJ,,,,,"73.097062, 26.141647"
IN-0085,small_airport,Airport,,AS,IN,IN-RJ,,,,,"73.102823, 26.436257"
IN-0086,small_airport,CHINDWARA AIRFIELD,,AS,IN,IN-MP,,,,,"78.93, 22"
IN-0087,heliport,GAUCHER,,AS,IN,IN-UL,,,,,"79.16166666670001, 30.284444444400002"
IN-0088,small_airport,Poonch Airport,3219,AS,IN,IN-JK,Poonch,,,,"74.083753, 33.76875"
IN-0089,small_airport,Noamundi Airport,,AS,IN,IN-JH,,,,,"85.54888888890001, 22.1922222222"
IN-0090,small_airport,Deoghar Airstrip,361,AS,IN,IN-JH,,,,,"86.70694444, 24.44666667"
IN-0091,small_airport,saharsa airstrip,,AS,IN,IN-BR,,,,,"86.5825, 25.8919444444"
IN-0092,small_airport,Jajpur ( Sukinda ) Airstrip,400,AS,IN,IN-OR,,,,R,"85.75388888890001, 21.0319444444"
IN-0093,small_airport,Vedanta Lanjigarh Airstrip,,AS,IN,IN-OR,,,,,"83.3936111111, 19.7194444444"
IN-0094,closed,no airport,,AS,IN,IN-OR,,,,,"83.48333056, 20.46668667"
IN-0095,heliport,Perunad Helipad,,AS,IN,IN-KL,,,,,"76.86489, 9.3539"
IN-0096,small_airport,Akli Airport,230,AS,IN,IN-RJ,Akli,,,,"70.2943, 25.8077"
IN-0097,small_airport,Surichua Air Base,280,AS,IN,IN-WB,Rampurhat,,,,"87.701722, 24.18824"
IN-0098,heliport,Maithon Heliport,529,AS,IN,IN-JH,Maithon,,,,"86.7935, 23.785"
IN-0099,small_airport,Durgapur Steel Plant Airport,290,AS,IN,IN-WB,Durgapur,,,,"87.339787, 23.58331"
IN-0100,small_airport,Sido Kanhu Airport,470,AS,IN,IN-JH,Dumka,,,,"87.269989, 24.231185"
IN-0101,small_airport,Vanasthali Airport,,AS,IN,IN-RJ,Vanasthali,,,,"75.870128, 26.407627"
IN-0106,small_airport,Mithapur Airport,11,AS,IN,IN-GJ,Mithapur,,,,"68.993632, 22.412068"
IN-0107,small_airport,Sindhudurg Airport,203,AS,IN,IN-MM,Chipi-Parule,,,,"73.529846, 16.002552"
IN-JGB,small_airport,Jagdalpur Airport,1822,AS,IN,IN-CT,Jagdalpur,,JGB,,"82.03679656982422, 19.07430076599121"
IN-NVY,small_airport,Neyveli Airport,184,AS,IN,IN-TN,Neyveli,VONV,NVY,,"79.527381897, 11.6129560471"
IN-RJI,small_airport,Rajouri Airport,3000,AS,IN,IN-JK,Rajouri,,RJI,,"74.31520080566406, 33.377899169921875"
IN-TEI,small_airport,Tezu Airport,800,AS,IN,IN-AR,Tezu,VETJ,TEI,,"96.1343994141, 27.9412002563"
IN-VA38,small_airport,Sirohi Airport,1000,AS,IN,IN-RJ,,VA38,,VA38,"72.84590148925781, 24.895099639892578"
IN-VA47,small_airport,Jalgaon Airport,818,AS,IN,IN-MM,Jalgaon,VAJL,,,"75.627492, 20.962678"
IN-VA51,small_airport,Banswara Airport,700,AS,IN,IN-RJ,,VA51,,VA51,"74.31269836425781, 23.58970069885254"
IN-VA53,small_airport,Dhulia Airport,920,AS,IN,IN-MM,,VA53,,VA53,"74.737099, 20.9265"
IN-VA74,small_airport,Abu Road Airport,875,AS,IN,IN-RJ,,VA74,,VA74,"72.78150177001953, 24.494199752807617"
IN-VOHP,small_airport,"Kopal,Hospet Airport",1698,AS,IN,IN-KA,Hospete,,,VOHP,"76.51667, 15.358334"
OMN,small_airport,Osmanabad Airport,2277,AS,IN,IN-MM,Osmanabad,,OMN,,"76.0574, 18.281"
VA1B,small_airport,Chanda Airport,625,AS,IN,IN-MM,,VA1B,,VA1B,"79.22250366210938, 19.994699478149414"
VA1C,small_airport,Birlagram Airport,1541,AS,IN,IN-MP,,VA1C,,VA1C,"75.42030334472656, 23.4468994140625"
VA1D,small_airport,Muirpur Airport,1122,AS,IN,IN-UP,,VA1D,,VA1D,"83.04060363769531, 24.125200271606445"
VA1E,small_airport,Bhilai Airport,1014,AS,IN,IN-CT,,VA1E,,VA1E,"81.37950134277344, 21.294200897216797"
VA1F,small_airport,Sidhi Airport,1093,AS,IN,IN-MP,,VA1F,,VA1F,"81.8147964477539, 24.402299880981445"
VA1G,medium_airport,"Rewa Airport, Chorhata, REWA",1000,AS,IN,IN-MP,Rewa,VA1G,REW,VA1G,"81.220299, 24.503401"
VA1H,small_airport,Ondwa Airport,1450,AS,IN,IN-RJ,,VA1H,,VA1H,"74.61150360107422, 25.14150047302246"
VA1J,small_airport,Dhana Airport,1706,AS,IN,IN-MP,,VA1J,,VA1J,"78.85579681396484, 23.753599166870117"
VA1K,small_airport,Raedhanpur Airport,135,AS,IN,IN-GJ,,VA1K,,VA1K,"68.89129638671875, 23.222299575805664"
VA1L,small_airport,Amla Airport,2435,AS,IN,IN-MP,,VA1L,,VA1L,"78.11360168457031, 21.92639923095703"
VA1M,small_airport,Karad Airport,1890,AS,IN,IN-MM,,VA1M,,VA1M,"74.15809631347656, 17.285900115966797"
VA1N,small_airport,Nimach Airport,1617,AS,IN,IN-MP,,VA1N,,VA1N,"74.8677978515625, 24.43079948425293"
VA1O,small_airport,Burhar Airport,1500,AS,IN,IN-MP,,VA1O,,VA1O,"81.50370025634766, 23.235200881958008"
VA1P,small_airport,Diu Airport,31,AS,IN,IN-GJ,Diu,VA1P,DIU,VA1P,"70.92109680175781, 20.71310043334961"
VA2A,small_airport,Phalodi Airport,781,AS,IN,IN-RJ,,VA2A,,VA2A,"72.38899993896484, 27.112899780273438"
VA2B,small_airport,Meerut Sw Airport,732,AS,IN,IN-UP,,VA2B,,VA2B,"77.67729949951172, 28.90489959716797"
VA2C,small_airport,Gondia Airport,990,AS,IN,IN-MM,,VAGD,,VA2C,"80.290397644, 21.5261993408"
VA2D,small_airport,Ratlam Airport,1702,AS,IN,IN-MP,,VA2D,,VA2D,"75.02559661865234, 23.381399154663086"
VAAH,medium_airport,Sardar Vallabhbhai Patel International Airport,189,AS,IN,IN-GJ,Ahmedabad,VAAH,AMD,,"72.63469696039999, 23.0771999359"
VAAK,medium_airport,Akola Airport,999,AS,IN,IN-MM,Akola,VAAK,AKD,,"77.058601, 20.698999"
VAAU,medium_airport,Aurangabad Airport,1911,AS,IN,IN-MM,Aurangabad,VAAU,IXU,,"75.39810180664062, 19.862699508666992"
VABB,large_airport,Chhatrapati Shivaji International Airport,39,AS,IN,IN-MM,Mumbai,VABB,BOM,,"72.8678970337, 19.0886993408"
VABI,medium_airport,Bilaspur Airport,899,AS,IN,IN-CT,Bilaspur,VEBU,PAB,,"82.111, 21.9884"
VABJ,medium_airport,Bhuj Airport,268,AS,IN,IN-GJ,Bhuj,VABJ,BHJ,,"69.6701965332, 23.2877998352"
VABM,medium_airport,Belgaum Airport,2487,AS,IN,IN-KA,Belgaum,VOBM,IXG,,"74.6183013916, 15.859299659700001"
VABO,medium_airport,Vadodara Airport,129,AS,IN,IN-GJ,Vadodara,VABO,BDQ,,"73.226303, 22.336201"
VABP,medium_airport,Raja Bhoj International Airport,1711,AS,IN,IN-MP,Bhopal,VABP,BHO,,"77.3374023438, 23.2875003815"
VABV,medium_airport,Bhavnagar Airport,44,AS,IN,IN-GJ,Bhavnagar,VABV,BHU,,"72.1852035522, 21.752199173"
VADN,medium_airport,Daman Airport,33,AS,IN,IN-DD,,VADN,NMB,,"72.84320068359375, 20.43440055847168"
VADS,small_airport,Deesa Airport,485,AS,IN,IN-GJ,,VADS,,,"72.20439910888672, 24.267900466918945"
VAGN,small_airport,Guna Airport,1600,AS,IN,IN-MP,,VAGN,GUX,,"77.347298, 24.654699"
VAGO,large_airport,Dabolim Airport,150,AS,IN,IN-GA,Vasco da Gama,VOGO,GOI,,"73.8313980103, 15.3808002472"
VAHB,medium_airport,Hubli Airport,2171,AS,IN,IN-KA,Hubli,VOHB,HBX,,"75.08489990230001, 15.361700058"
VAID,medium_airport,Devi Ahilyabai Holkar Airport,1850,AS,IN,IN-MP,Indore,VAID,IDR,,"75.8011016846, 22.7217998505"
VAJB,medium_airport,Jabalpur Airport,1624,AS,IN,IN-MP,,VAJB,JLR,,"80.052001953125, 23.177799224853516"
VAJJ,small_airport,Juhu Aerodrome,13,AS,IN,IN-MM,Mumbai,VAJJ,,,"72.83419799804688, 19.098100662231445"
VAJM,medium_airport,Jamnagar Airport,69,AS,IN,IN-GJ,Jamnagar,VAJM,JGA,,"70.01260375976562, 22.465499877929688"
VAKE,medium_airport,Kandla Airport,96,AS,IN,IN-GJ,Kandla,VAKE,IXY,,"70.100304, 23.1127"
VAKJ,medium_airport,Khajuraho Airport,728,AS,IN,IN-MP,Khajuraho,VAKJ,HJR,,"79.91860198970001, 24.817199707"
VAKP,medium_airport,Kolhapur Airport,1996,AS,IN,IN-MM,,VAKP,KLH,,"74.2893981934, 16.6646995544"
VAKS,medium_airport,Keshod Airport,167,AS,IN,IN-GJ,,VAKS,IXK,,"70.27040100097656, 21.317100524902344"
VAND,medium_airport,Nanded Airport,1250,AS,IN,IN-MM,Nanded,VAND,NDC,,"77.31670379639999, 19.1833000183"
VANP,medium_airport,Dr. Babasaheb Ambedkar International Airport,1033,AS,IN,IN-MM,Naqpur,VANP,NAG,,"79.04720306396484, 21.092199325561523"
VANR,closed,Gandhinagar Airport,1959,AS,IN,IN-MM,Nashik,VANR,,,"73.8076019287, 19.9636993408"
VAOZ,medium_airport,Nashik Airport,1900,AS,IN,IN-MM,Nasik,VAOZ,ISK,,"73.912903, 20.119101"
VAPO,medium_airport,Pune Airport,1942,AS,IN,IN-MM,Pune,VAPO,PNQ,,"73.9197006225586, 18.58209991455078"
VAPR,medium_airport,Porbandar Airport,23,AS,IN,IN-GJ,Porbandar,VAPR,PBD,,"69.65720367429999, 21.6487007141"
VARG,medium_airport,Ratnagiri Airport,305,AS,IN,IN-MM,,VARG,RTC,,"73.327797, 17.013599"
VARK,medium_airport,Rajkot Airport,441,AS,IN,IN-GJ,Rajkot,VARK,RAJ,,"70.77950286869999, 22.3092002869"
VARP,small_airport,Raipur Airport,1041,AS,IN,IN-CT,Raipur,VERP,RPR,,"81.7388, 21.180401"
VASD,medium_airport,Shirdi Airport,1926,AS,IN,IN-MM,Shirdi,VASD,SAG,,"74.378889, 19.688611"
VASL,medium_airport,Solapur Airport,1584,AS,IN,IN-MM,Solapur,VASL,SSE,,"75.93479919430001, 17.6280002594"
VASU,medium_airport,Surat Airport,16,AS,IN,IN-GJ,,VASU,STV,,"72.7417984009, 21.1140995026"
VAUD,medium_airport,Maharana Pratap Airport,1684,AS,IN,IN-RJ,Udaipur,VAUD,UDR,,"73.89610290530001, 24.617700576799997"
VE23,small_airport,Burnpur Airport,310,AS,IN,IN-WB,,VE23,,VE23,"86.97550201416016, 23.631500244140625"
VE24,small_airport,Sookerating Airport,400,AS,IN,IN-AS,,VE24,,VE24,"95.57060241699219, 27.552900314331055"
VE36,small_airport,Nuagaon Airport,656,AS,IN,IN-OR,,VE36,,VE36,"83.4480972290039, 20.511699676513672"
VE41,small_airport,Giridih Airport,1000,AS,IN,IN-BR,,VE41,,VE41,"86.28980255126953, 24.201900482177734"
VE44,medium_airport,Hashimara Air Force Station,340,AS,IN,IN-WB,Jalpaiguri,VE44,,VE44,"89.36910247802734, 26.698299407958984"
VE54,small_airport,Daltonganj Airport,803,AS,IN,IN-BR,,VE54,,VE54,"84.09510040283203, 24.01930046081543"
VE62,small_airport,Cuttack Airport,115,AS,IN,IN-OR,,VE62,,VE62,"85.88629913330078, 20.54960060119629"
VE67,small_airport,Machuka Advanced Landing Ground,7900,AS,IN,IN-AR,,VE67,,VE67,"94.12613868710001, 28.6024580064"
VE85,small_airport,Bentayan Airport,1666,AS,IN,IN-MP,Ujjain,,,,"75.88529968261719, 23.09510040283203"
VE89,small_airport,Darbhanga Airport,156,AS,IN,IN-BR,,VE89,,VE89,"85.91690063476562, 26.192800521850586"
VE91,small_airport,Vijaynagar Advanced Landing Ground,4167,AS,IN,IN-AR,,VE91,,VE91,"97.00370025630001, 27.1935997009"
VE96,small_airport,Thuniabhand Airport,2182,AS,IN,IN-MP,,VE96,,VE96,"78.91719818115234, 22.00160026550293"
VEAN,medium_airport,Along Airport,900,AS,IN,IN-AR,,VEAN,IXV,,"94.802001953125, 28.17530059814453"
VEAT,medium_airport,Agartala Airport,46,AS,IN,IN-TR,Agartala,VEAT,IXA,,"91.24040222170001, 23.8869991302"
VEAZ,heliport,Tuirial Airfield,1093,AS,IN,IN-MZ,Aizawl,VEAZ,,,"92.8024, 23.7432"
VEBA,small_airport,Behala Airport,10,AS,IN,IN-WB,Behala,VEBA,,,"88.29342651367188, 22.504230499267578"
VEBD,medium_airport,Bagdogra Airport,412,AS,IN,IN-WB,Siliguri,VEBD,IXB,,"88.32859802246094, 26.68120002746582"
VEBG,small_airport,Balurghat Airport,78,AS,IN,IN-WB,Balurghat,VEBG,RGH,,"88.79560089111328, 25.261699676513672"
VEBI,medium_airport,Shillong Airport,2910,AS,IN,IN-ML,Shillong,VEBI,SHL,,"91.97869873046875, 25.70359992980957"
VEBK,small_airport,Bokaro Airport,715,AS,IN,IN-BR,,VEBK,,,"86.1489028930664, 23.64349937438965"
VEBS,medium_airport,Biju Patnaik Airport,138,AS,IN,IN-OR,Bhubaneswar,VEBS,BBI,,"85.8178024292, 20.244400024399997"
VECA,small_airport,Chabua Air Force Station,367,AS,IN,IN-AS,Dibrugarh,VECA,,,"95.1176986694336, 27.462200164794922"
VECC,large_airport,Netaji Subhash Chandra Bose International Airport,16,AS,IN,IN-WB,Kolkata,VECC,CCU,,"88.44670104980469, 22.654699325561523"
VECK,small_airport,Chakulia Airport,430,AS,IN,IN-JH,,VECK,,,"86.70780181884766, 22.460599899291992"
VECO,small_airport,Cooch Behar Airport,138,AS,IN,IN-WB,,VECO,COH,,"89.4672012329, 26.330499649"
VEDB,medium_airport,Dhanbad Airport,847,AS,IN,IN-BR,,VEDB,DBD,,"86.42530059814453, 23.833999633789062"
VEDG,medium_airport,Kazi Nazrul Islam Airport,300,AS,IN,IN-WB,Durgapur,VEDG,RDP,,"87.243, 23.6225"
VEDX,small_airport,Kalaikunda Air Force Station,200,AS,IN,IN-WB,,VEDX,,,"87.2145004272461, 22.339500427246094"
VEDZ,small_airport,Daporijo Airport,750,AS,IN,IN-AR,Daporijo,VEDZ,DEP,,"94.22280120850002, 27.985500335699996"
VEGK,medium_airport,Gorakhpur Airport,259,AS,IN,IN-UP,Gorakhpur,VEGK,GOP,,"83.4496994019, 26.739700317399997"
VEGT,medium_airport,Lokpriya Gopinath Bordoloi International Airport,162,AS,IN,IN-AS,Guwahati,VEGT,GAU,,"91.58589935302734, 26.10610008239746"
VEGY,medium_airport,Gaya Airport,380,AS,IN,IN-BR,,VEGY,GAY,,"84.95120239257812, 24.744300842285156"
VEHK,small_airport,Hirakud Airport,658,AS,IN,IN-OR,Sambalpur,VEHK,,,"84.00569915771484, 21.5802001953125"
VEIM,medium_airport,Imphal Airport,2540,AS,IN,IN-MN,Imphal,VEIM,IMF,,"93.896697998, 24.7600002289"
VEJH,small_airport,Jharsuguda Airport,751,AS,IN,IN-OR,,VEJH,,,"84.05039978027344, 21.91349983215332"
VEJP,small_airport,Jeypore Airport,1952,AS,IN,IN-OR,Jeypore,VEJP,PYB,,"82.552001953125, 18.8799991607666"
VEJS,medium_airport,Sonari Airport,475,AS,IN,IN-JH,Jamshedpur,VEJS,IXW,,"86.1688, 22.8132"
VEJT,medium_airport,Jorhat Airport,311,AS,IN,IN-AS,Jorhat,VEJT,JRH,,"94.1754989624, 26.7315006256"
VEKJ,small_airport,KEONJHAR AIRPORT,,AS,IN,IN-OR,,VEKJ,,,"85.58166666670002, 21.696666666699997"
VEKM,small_airport,Kamalpur Airport,131,AS,IN,IN-TR,,VEKM,IXQ,,"91.81420135498047, 24.13170051574707"
VEKR,medium_airport,Kailashahar Airport,79,AS,IN,IN-TR,,VEKR,IXH,,"92.0072021484375, 24.30820083618164"
VEKU,medium_airport,Silchar Airport,352,AS,IN,IN-AS,Silchar,VEKU,IXS,,"92.97869873050001, 24.9129009247"
VEKW,small_airport,Khowai Airport,95,AS,IN,IN-TR,Khowai,VEKW,IXN,,"91.603897, 24.061899"
VELP,medium_airport,Lengpui Airport,1398,AS,IN,IN-MZ,Aizawl,VELP,AJL,,"92.6196975708, 23.840599060099997"
VELR,medium_airport,North Lakhimpur Airport,330,AS,IN,IN-AS,Lilabari,VELR,IXI,,"94.09760284423828, 27.295499801635742"
VEMH,small_airport,Malda Airport,79,AS,IN,IN-WB,Malda,VEMH,LDA,,"88.133003, 25.033001"
VEMN,medium_airport,Dibrugarh Airport,362,AS,IN,IN-AS,Dibrugarh,VEMN,DIB,,"95.0168991089, 27.4839000702"
VEMR,medium_airport,Dimapur Airport,487,AS,IN,IN-NL,Dimapur,VEMR,DMU,,"93.77110290530001, 25.883899688699998"
VEMZ,medium_airport,Muzaffarpur Airport,174,AS,IN,IN-BR,,VEMZ,MZU,,"85.3136978149414, 26.11910057067871"
VENP,small_airport,Nawapara Airport,1058,AS,IN,IN-CT,Nawapara,VENP,,,"82.51959991455078, 20.8700008392334"
VEPG,small_airport,Pasighat Airport,477,AS,IN,IN-AR,Pasighat,VEPG,IXT,,"95.33560180664062, 28.066099166870117"
VEPH,medium_airport,Panagarh Air Force Station,240,AS,IN,IN-WB,,VEPH,,,"87.4274978638, 23.474300384499998"
VEPI,small_airport,Barrackpore Air Force Station,18,AS,IN,IN-WB,Barrackpore,VEPI,,VE31,"88.3591995239, 22.7810001373"
VEPT,medium_airport,Lok Nayak Jayaprakash Airport,170,AS,IN,IN-BR,Patna,VEPT,PAT,,"85.0879974365, 25.591299057"
VEPU,small_airport,Purnea Airport,129,AS,IN,IN-BR,,VEPU,,,"87.41000366210938, 25.759599685668945"
VERC,medium_airport,Birsa Munda Airport,2148,AS,IN,IN-JH,Ranchi,VERC,IXR,,"85.3217010498, 23.314300537100003"
VERK,medium_airport,Rourkela Airport,659,AS,IN,IN-OR,,VERK,RRK,,"84.814598, 22.256701"
VERL,small_airport,Raxaul Airport,259,AS,IN,IN-BR,,VERL,,,"84.83329772949219, 26.966699600219727"
VERU,small_airport,Rupsi India Airport,131,AS,IN,IN-AS,,VERU,RUP,,"89.91000366210938, 26.139699935913086"
VETZ,medium_airport,Tezpur Airport,240,AS,IN,IN-AS,,VETZ,TEZ,,"92.78469848632812, 26.7091007232666"
VEUK,small_airport,Utkela Airport,680,AS,IN,IN-OR,,VEUK,,,"83.18379974365234, 20.097400665283203"
VEVZ,small_airport,Vishakhapatnam Airport,15,AS,IN,IN-AP,Visakhapatnam,VOVZ,VTZ,,"83.2245025635, 17.721200943"
VEZO,medium_airport,Ziro Airport,5403,AS,IN,IN-AR,Ziro,VEZO,ZER,,"93.828102, 27.588301"
VI20,small_airport,Bhilwara Airport,955,AS,IN,IN-HR,,VI20,,VI20,"76.20500183105469, 28.07710075378418"
VI40,small_airport,Karnal Airport,829,AS,IN,IN-HR,,VI40,,VI40,"77.0374984741211, 29.714099884033203"
VI43,small_airport,Suratgarh New Airport,554,AS,IN,IN-RJ,,VI43,,VI43,"73.90390014648438, 29.387800216674805"
VI57,small_airport,Thoise Airport,10046,AS,IN,IN-JK,,VI57,,VI57,"77.37580108642578, 34.6525993347168"
VI65,small_airport,Kargil Airport,9604,AS,IN,IN-JK,,VI65,,VI65,"76.15589904790001, 34.5242996216"
VI66,small_airport,Fukche Advanced Landing Ground,13700,AS,IN,IN-JK,,VI66,,VI66,"79.21320343017578, 32.937400817871094"
VI69,small_airport,Jhunjhunu Airport,1110,AS,IN,IN-RJ,,VI69,,VI69,"75.37560272216797, 28.106700897216797"
VI70,small_airport,Pilani New Airport,1100,AS,IN,IN-RJ,,VI70,,VI70,"75.59369659423828, 28.348800659179688"
VI71,small_airport,Kalka Airport,1700,AS,IN,IN-HR,,VI71,,VI71,"76.88365173339844, 30.824569702148438"
VI73,small_airport,Nagaur Airport,950,AS,IN,IN-RJ,,VI73,,VI73,"73.7114028930664, 27.20829963684082"
VI75,small_airport,IIT Kanpur Airport,400,AS,IN,IN-UP,Kalyanpur,,,,"80.232904, 26.520399"
VI76,small_airport,Band Tal Airport,790,AS,IN,IN-MP,,VI76,,VI76,"78.26180267333984, 26.000099182128906"
VI82,small_airport,Bharkot Airport,2983,AS,IN,IN-UP,,VI82,,VI82,"78.32340240478516, 30.58289909362793"
VI88,small_airport,Jallowal Airport,741,AS,IN,IN-PB,,VI88,,VI88,"75.34130096435547, 31.559999465942383"
VI90,small_airport,Akbarpur Airport,288,AS,IN,IN-UP,,VI90,,VI90,"82.56819915771484, 26.447599411010742"
VIAG,medium_airport,Agra Airport,551,AS,IN,IN-UP,,VIAG,AGR,,"77.96089935302734, 27.155799865722656"
VIAH,small_airport,Dhanipur Airstrip,,AS,IN,IN-UP,Aligarth,VIAH,,,"78.14686775210001, 27.860856311"
VIAL,medium_airport,Allahabad Airport,322,AS,IN,IN-UP,Allahabad,VIAL,IXD,,"81.73390197753906, 25.440099716186523"
VIAM,medium_airport,Ambala Air Force Station,909,AS,IN,IN-HR,,VIAM,,VI18,"76.81670379638672, 30.368099212646484"
VIAR,large_airport,Sri Guru Ram Dass Jee International Airport,756,AS,IN,IN-PB,Amritsar,VIAR,ATQ,,"74.7973022461, 31.7096004486"
VIAW,small_airport,Awantipur Air Force Station,5393,AS,IN,IN-JK,,VIAW,,,"74.97570037841797, 33.8765983581543"
VIAX,small_airport,Adampur Airport,775,AS,IN,IN-PB,Adampur,VIAX,AIP,,"75.758797, 31.4338"
VIBK,medium_airport,Nal Airport,750,AS,IN,IN-RJ,Bikaner,VIBK,BKB,,"73.20719909667969, 28.070600509643555"
VIBL,small_airport,Bakshi Ka Talab Air Force Station,385,AS,IN,IN-UP,Lucknow,VIBL,,,"80.89309692382812, 26.988300323486328"
VIBN,medium_airport,Lal Bahadur Shastri Airport,266,AS,IN,IN-UP,Varanasi,VIBN,VNS,,"82.8592987061, 25.4524002075"
VIBR,medium_airport,Kullu Manali Airport,3573,AS,IN,IN-HP,,VIBR,KUU,,"77.15440368652344, 31.876699447631836"
VIBT,medium_airport,Bhatinda Air Force Station,662,AS,IN,IN-PB,,VIBT,BUP,,"74.75579833984375, 30.270099639892578"
VIBW,small_airport,Bhiwani Airport,720,AS,IN,IN-HR,,VIBW,,,"76.1791000366211, 28.836999893188477"
VIBY,medium_airport,Bareilly Air Force Station,580,AS,IN,IN-UP,Bareilly,VIBY,BEK,,"79.45079803470001, 28.4221000671"
VICG,medium_airport,Chandigarh Airport,1012,AS,IN,IN-CH,Chandigarh,VICG,IXC,,"76.78849792480469, 30.673500061035156"
VICX,medium_airport,Kanpur Airport,410,AS,IN,IN-UP,Kanpur,VICX,KNU,,"80.410103, 26.404301"
VIDD,medium_airport,Safdarjung Airport,705,AS,IN,IN-DL,,VIDD,,,"77.20580291748047, 28.58449935913086"
VIDF,small_airport,Pithorgarh Airport,4910,AS,IN,IN-UP,,VIDF,,,"80.23919677734375, 29.593599319458008"
VIDN,medium_airport,Dehradun Airport,1831,AS,IN,IN-UL,Dehradun,VIDN,DED,,"78.180298, 30.189699"
VIDP,large_airport,Indira Gandhi International Airport,777,AS,IN,IN-DL,New Delhi,VIDP,DEL,,"77.103104, 28.5665"
VIDX,small_airport,Hindon Air Force Station,700,AS,IN,IN-UP,,VIDX,,,"77.35890197753906, 28.707700729370117"
VIGG,medium_airport,Kangra Airport,2525,AS,IN,IN-HP,,VIGG,DHM,,"76.26339721679688, 32.16510009765625"
VIGR,medium_airport,Gwalior Airport,617,AS,IN,IN-MP,Gwalior,VIGR,GWL,,"78.22779846191406, 26.29330062866211"
VIHR,medium_airport,Hissar Airport,700,AS,IN,IN-HR,,VIHR,HSS,,"75.75530242919922, 29.179399490356445"
VIHX,small_airport,Halwara Air Force Station,790,AS,IN,IN-PB,,VIHX,,,"75.62979888916016, 30.74850082397461"
VIJN,small_airport,Jhansi Airport,801,AS,IN,IN-UP,,VIJN,,,"78.55840301513672, 25.491199493408203"
VIJO,medium_airport,Jodhpur Airport,717,AS,IN,IN-RJ,Jodhpur,VIJO,JDH,,"73.04889678955078, 26.251100540161133"
VIJP,medium_airport,Jaipur International Airport,1263,AS,IN,IN-RJ,Jaipur,VIJP,JAI,,"75.812202, 26.8242"
VIJR,medium_airport,Jaisalmer Airport,751,AS,IN,IN-RJ,,VIJR,JSA,,"70.86499786376953, 26.888700485229492"
VIJU,medium_airport,Jammu Airport,1029,AS,IN,IN-JK,Jammu,VIJU,IXJ,,"74.8374023438, 32.6890983582"
VIKA,small_airport,Kanpur Civil Airport,411,AS,IN,IN-UP,Kanpur,VIKA,,,"80.364899, 26.441401"
VIKG,medium_airport,Kishangarh Airport,,AS,IN,IN-RJ,Ajmer,VIKG,KQH,,"74.814147, 26.601473"
VIKO,medium_airport,Kota Airport,896,AS,IN,IN-RJ,Kota,VIKO,KTU,,"75.84559631350001, 25.160200119"
VILD,medium_airport,Ludhiana Airport,834,AS,IN,IN-PB,,VILD,LUH,,"75.95259857177734, 30.854700088500977"
VILH,medium_airport,Leh Kushok Bakula Rimpochee Airport,10682,AS,IN,IN-JK,Leh,VILH,IXL,,"77.5465011597, 34.1358985901"
VILK,medium_airport,Chaudhary Charan Singh International Airport,410,AS,IN,IN-UP,Lucknow,VILK,LKO,,"80.8892974854, 26.7605991364"
VILP,small_airport,Lalitpur Airport,1204,AS,IN,IN-UP,Lalitpur,VILP,,,"78.41699981689453, 24.716999053955078"
VIPK,medium_airport,Pathankot Airport,1017,AS,IN,IN-PB,Pathankot,VIPK,IXP,,"75.634444, 32.233611"
VIPL,small_airport,Patiala Airport,820,AS,IN,IN-PB,,VIPL,,,"76.364501953125, 30.314800262451172"
VIPT,medium_airport,Pantnagar Airport,769,AS,IN,IN-UP,Pantnagar,VIPT,PGH,,"79.47370147705078, 29.03339958190918"
VIRB,small_airport,Fursatganj Airport,360,AS,IN,IN-UP,,VERB,,,"81.380501, 26.248501"
VISA,medium_airport,Sirsa Air Force Station,650,AS,IN,IN-HR,,VISA,,,"75.006103515625, 29.56060028076172"
VISM,small_airport,Shimla Airport,5072,AS,IN,IN-HP,,VISM,SLV,,"77.068001, 31.0818"
VISP,small_airport,Sarsawa Air Force Station,891,AS,IN,IN-UP,,VISP,,,"77.42530059814453, 29.993900299072266"
VISR,medium_airport,Sheikh ul Alam Airport,5429,AS,IN,IN-JK,Srinagar,VISR,SXR,,"74.77420043945312, 33.987098693847656"
VIST,small_airport,Satna Airport,1060,AS,IN,IN-MP,,VIST,TNI,,"80.854897, 24.5623"
VIUT,small_airport,Uttarlai Airport,500,AS,IN,IN-RJ,,VIUT,,,"71.4822998046875, 25.812999725341797"
VIUX,medium_airport,Udhampur Air Force Station,2066,AS,IN,IN-JK,,VIUX,,,"75.15619659423828, 32.902198791503906"
VO26,small_airport,Kovilpatti Airport,325,AS,IN,IN-TN,,VO26,,VO26,"77.82119750976562, 9.153889656066895"
VO52,small_airport,Harihar Airport,1750,AS,IN,IN-KA,,VO52,,VO52,"75.787399292, 14.5350999832"
VO55,medium_airport,Murod Kond Airport,2136,AS,IN,IN-MM,Latur,VALT,LTU,,"76.464699, 18.411501"
VO80,small_airport,Tuticorin Airport,129,AS,IN,IN-TN,Thoothukudi,VOTK,TCR,,"78.025803, 8.724241"
VO94,small_airport,Campbell Bay Airport,16,AS,IN,IN-AN,,VO94,,VO94,"93.92279815673828, 7.013040065765381"
VO95,small_airport,Hosur Airport,3116,AS,IN,IN-TN,,VO95,,VO95,"77.76719665527344, 12.661299705505371"
VOAR,small_airport,Arkonam Airport,265,AS,IN,IN-TN,,VOAR,,,"79.69120025630001, 13.0712003708"
VOAT,medium_airport,Agatti Airport,14,AS,IN,IN-LD,,VOAT,AGX,,"72.1760025024414, 10.823699951171875"
VOBG,medium_airport,HAL Airport,2912,AS,IN,IN-KA,Bangalore,VOBG,,,"77.6681976318, 12.9499998093"
VOBI,medium_airport,Bellary Airport,30,AS,IN,IN-KA,Bellary,VOBI,BEP,,"76.88279724121094, 15.162799835205078"
VOBL,large_airport,Kempegowda International Airport,3000,AS,IN,IN-KA,Bangalore,VOBL,BLR,,"77.706299, 13.1979"
VOBR,medium_airport,Bidar Air Force Station,2178,AS,IN,IN-KA,,VOBR,,,"77.48709869384766, 17.908100128173828"
VOBZ,medium_airport,Vijayawada Airport,82,AS,IN,IN-AP,,VOBZ,VGA,,"80.79679870605469, 16.530399322509766"
VOCB,medium_airport,Coimbatore International Airport,1324,AS,IN,IN-TN,Coimbatore,VOCB,CJB,,"77.0434036255, 11.029999733"
VOCC,small_airport,Willingdon Island Air Base,8,AS,IN,IN-KL,Kochi,VOCC,,,"76.27310180664062, 9.947389602661133"
VOCI,large_airport,Cochin International Airport,30,AS,IN,IN-KL,Kochi,VOCI,COK,,"76.401901, 10.152"
VOCL,large_airport,Calicut International Airport,342,AS,IN,IN-KL,Calicut,VOCL,CCJ,,"75.95529937740001, 11.1367998123"
VOCP,medium_airport,Kadapa Airport,430,AS,IN,IN-AP,Kadapa,VOCP,CDP,,"78.772778, 14.51"
VOCX,medium_airport,Car Nicobar Air Force Station,5,AS,IN,IN-AN,,VOCX,CBD,,"92.8196029663086, 9.152509689331055"
VODG,medium_airport,Dundigul Air Force Academy,2013,AS,IN,IN-TG,Hyderabad,VODG,,,"78.4033966064, 17.627199173"
VODK,closed,Dunakonda Airport,472,AS,IN,IN-AP,Dunakonda,VODK,,,"79.4882, 15.8063"
VOHK,small_airport,Hakimpet Airport,2020,AS,IN,IN-TG,,VOHK,,,"78.5249023438, 17.5534992218"
VOHS,large_airport,Rajiv Gandhi International Airport,2024,AS,IN,IN-TG,Hyderabad,VOHS,HYD,,"78.4298553467, 17.2313175201"
VOHY,medium_airport,Begumpet Airport,1742,AS,IN,IN-TG,Hyderabad,VOHY,BPM,,"78.4675979614, 17.4531002045"
VOKN,medium_airport,Kannur International Airport,330,AS,IN,IN-KL,Kannur,VOKN,CNN,,"75.547211, 11.918614"
VOKP,small_airport,Koppal Aerodrome,1700,AS,IN,IN-KA,Koppal,VOKP,,,"76.21929931640625, 15.359100341796875"
VOMD,medium_airport,Madurai Airport,459,AS,IN,IN-TN,Madurai,VOMD,IXM,,"78.09339904790001, 9.83450984955"
VOML,medium_airport,Mangalore International Airport,337,AS,IN,IN-KA,Mangalore,VOML,IXE,,"74.8900985718, 12.9612998962"
VOMM,large_airport,Chennai International Airport,52,AS,IN,IN-TN,Chennai,VOMM,MAA,,"80.16929626464844, 12.990005493164062"
VOMY,small_airport,Mysore Airport,2349,AS,IN,IN-KA,Mysore,VOMY,MYQ,,"76.655833, 12.23"
VONS,small_airport,Nagarjuna Sagar Airport,658,AS,IN,IN-AP,,VONS,,,"79.3187026977539, 16.542699813842773"
VOPB,medium_airport,Vir Savarkar International Airport,14,AS,IN,IN-AN,Port Blair,VOPB,IXZ,,"92.72969818115234, 11.641200065612793"
VOPC,medium_airport,Pondicherry Airport,134,AS,IN,IN-TN,Pondicherry,VOPC,PNY,,"79.812, 11.968"
VOPN,medium_airport,Sri Sathya Sai Airport,1558,AS,IN,IN-AP,Puttaparthi,VOPN,PUT,,"77.7910995483, 14.1492996216"
VORG,small_airport,Basanth Nagar Airport,670,AS,IN,IN-TG,Ramagundam,VORG,RMD,,"79.3923, 18.701"
VORM,small_airport,Ramnad Naval Air Station,16,AS,IN,IN-TN,Ramnad,VORM,,,"78.971496582, 9.32509040833"
VORY,medium_airport,Rajahmundry Airport,151,AS,IN,IN-AP,Rajahmundry,VORY,RJA,,"81.81819915770001, 17.1103992462"
VOSM,medium_airport,Salem Airport,1008,AS,IN,IN-TN,Salem,VOSM,SXV,,"78.06559753418, 11.78330039978"
VOSX,small_airport,Coimbatore Air Force Station,1250,AS,IN,IN-TN,Sulur,VOSX,,,"77.15969848632812, 11.01360034942627"
VOTJ,small_airport,Tanjore Air Force Base,253,AS,IN,IN-TN,Thanjavur,VOTJ,TJV,,"79.10160064697266, 10.722399711608887"
VOTP,small_airport,Tirupati Airport,350,AS,IN,IN-AP,Tirupati,VOTP,TIR,,"79.543296814, 13.632499694800002"
VOTR,medium_airport,Tiruchirapally Civil Airport Airport,288,AS,IN,IN-TN,Tiruchirappally,VOTR,TRZ,,"78.70970153808594, 10.765399932861328"
VOTV,large_airport,Trivandrum International Airport,15,AS,IN,IN-KL,Thiruvananthapuram,VOTV,TRV,,"76.9200973511, 8.48211956024"
VOTX,small_airport,Tambaram Air Force Station,90,AS,IN,IN-TN,Chennai,VOTX,,,"80.12190246582031, 12.90719985961914"
VOVR,small_airport,Vellore Airport,764,AS,IN,IN-TN,Vellore,VOVR,,,"79.06680297851562, 12.90880012512207"
VOWA,small_airport,Warangal Airport,935,AS,IN,IN-TG,Warangal,VOWA,WGC,,"79.602203, 17.9144"
VOYK,small_airport,Yelahanka Air Force Station,3045,AS,IN,IN-KA,Yelahanka,VOYK,,,"77.60600280761719, 13.135499954223633"
